<?xml version="1.0" encoding="UTF-8"?>
<project-private xmlns="http://www.netbeans.org/ns/project-private/1">
    <editor-bookmarks xmlns="http://www.netbeans.org/ns/editor-bookmarks/2" lastBookmarkId="0"/>
    <open-files xmlns="http://www.netbeans.org/ns/projectui-open-files/2">
        <group name="oposicion">
            <file>file:/C:/Users/carlo/OneDrive/oposiciones/programacion/UnidadesCompartidas/Unidad%2014/ProyectoNetBeans/Tema10MVC/src/mvc/controladores/ControladorPrincipal.java</file>
            <file>file:/C:/Users/carlo/OneDrive/oposiciones/programacion/UnidadesCompartidas/Unidad%2014/ProyectoNetBeans/Tema10MVC/src/modelo/Usuario.java</file>
            <file>file:/C:/Users/carlo/OneDrive/oposiciones/programacion/UnidadesCompartidas/Unidad%2014/ProyectoNetBeans/Tema10MVC/src/aplicacion/App.java</file>
            <file>file:/C:/Users/carlo/OneDrive/oposiciones/programacion/UnidadesCompartidas/Unidad%2014/ProyectoNetBeans/Tema10MVC/src/memento/CareTaker.java</file>
        </group>
    </open-files>
</project-private>
